,rf,xgboost
0,0.491693029436,0.505309897163
