,rf,xgboost
0,0.403408572829,0.413919805676
1,0.402248540727,0.411922418343
2,0.404861124508,0.411587199303
3,0.408202475972,0.414434941258
4,0.405917079618,0.415078419526
