,rf,xgboost
0,0.911121461613,0.615702096581
1,0.920146082149,0.615845390027
2,0.886046086313,0.615790358088
3,0.888041072376,0.615900382853
4,0.899170053252,0.616787947331
