,rf,xgboost
0,0.794542977537,0.593928176121
1,0.788428386311,0.592503555005
2,0.802273847015,0.593326597714
3,0.804741777416,0.593566302296
4,0.811401852331,0.594665818345
