,rf,xgboost
0,0.561173480113,0.550129332533
