,rf,xgboost
0,0.562790314882,0.549864893525
