,rf,xgboost
0,0.664221375317,0.635636808645
1,0.673277108829,0.636647470583
2,0.672633568955,0.636274668759
3,0.667813169098,0.635593696324
4,0.669941290178,0.63615354058
